"","baseMean","log2FoldChange","lfcSE","stat","pvalue","padj"
"Module_8778",71.0744044782708,-1.77629744141381,0.328805072750493,-5.40228113439636,6.57987169939736e-08,0.00264912214489437
